{"accuracy": [0.9273399114608765, 1.0, 1.0, 1.0, 1.0, 1.0, 1.0, 1.0, 1.0, 1.0], "loss": [0.17304477095603943, 5.040482164986315e-07, 6.57204708431891e-08, 2.7734843754956273e-08, 1.9031526576895885e-08, 1.5057365132520317e-08, 1.2518633241143107e-08, 1.0669029215648607e-08, 9.393867905771458e-09, 8.422007979902446e-09], "val_accuracy": [0.35465115308761597, 0.35465115308761597, 0.35465115308761597, 0.35465115308761597, 0.35465115308761597, 0.35465115308761597, 0.35465115308761597, 0.35465115308761597, 0.35465115308761597, 0.35465115308761597], "val_loss": [14.111604690551758, 17.380098342895508, 17.37518310546875, 17.280393600463867, 17.218496322631836, 17.169353485107422, 17.125837326049805, 17.092004776000977, 17.064882278442383, 17.03641128540039]}